Date,Close/Last,Volume,Open,High,Low
08/05/2022,141.2188,292441,143.4688,143.8438,140.5938
08/04/2022,136.6562,N/A,136.6562,136.6562,136.6562
08/03/2022,136.6562,N/A,136.6562,136.6562,136.6562
08/02/2022,136.6562,N/A,136.6562,136.6562,136.6562
08/01/2022,136.6562,N/A,136.6562,136.6562,136.6562
07/29/2022,136.6562,N/A,136.6562,136.6562,136.6562
07/28/2022,136.6562,N/A,136.6562,136.6562,136.6562
07/27/2022,136.6562,N/A,136.6562,136.6562,136.6562
07/26/2022,136.6562,N/A,136.6562,136.6562,136.6562
07/25/2022,136.6562,N/A,136.6562,136.6562,136.6562
07/22/2022,136.6562,N/A,136.6562,136.6562,136.6562
07/21/2022,136.6562,N/A,136.6562,136.6562,136.6562
07/20/2022,136.6562,N/A,136.6562,136.6562,136.6562
07/19/2022,136.6562,N/A,136.6562,136.6562,136.6562
07/18/2022,136.6562,N/A,136.6562,136.6562,136.6562
07/15/2022,136.6562,N/A,136.6562,136.6562,136.6562
07/14/2022,136.6562,N/A,136.6562,136.6562,136.6562
07/13/2022,136.6562,N/A,136.6562,136.6562,136.6562
07/12/2022,136.6562,N/A,136.6562,136.6562,136.6562
07/11/2022,136.6562,N/A,136.6562,136.6562,136.6562
07/08/2022,136.6562,N/A,136.6562,136.6562,136.6562
07/07/2022,136.6562,N/A,136.6562,136.6562,136.6562
07/06/2022,136.6562,N/A,136.6562,136.6562,136.6562
07/05/2022,136.6562,N/A,136.6562,136.6562,136.6562
07/01/2022,136.6562,N/A,136.6562,136.6562,136.6562
06/30/2022,136.6562,N/A,136.6562,136.6562,136.6562
06/29/2022,136.6562,N/A,136.6562,136.6562,136.6562
06/28/2022,136.6562,N/A,136.6562,136.6562,136.6562
06/27/2022,136.6562,N/A,136.6562,136.6562,136.6562
06/24/2022,136.6562,N/A,136.6562,136.6562,136.6562
06/23/2022,136.6562,N/A,136.6562,136.6562,136.6562
06/22/2022,136.6562,N/A,136.6562,136.6562,136.6562
06/21/2022,136.6562,N/A,136.6562,136.6562,136.6562
06/17/2022,135.8125,83,134.875,136.4688,134.875
06/16/2022,134.6562,174,132.625,135.5312,132.625
06/15/2022,133.4062,446,133.0625,133.9375,132.875
06/14/2022,132.375,1248,133.6875,134.3125,132.2812
06/13/2022,133.5938,4253,136.5,136.8125,132.75
06/10/2022,136.6562,666,137.9688,139.1875,136.375
06/09/2022,138.0938,315,137.9688,138.2812,137.3125
06/08/2022,138,897,138.7812,138.7812,137.8125
06/07/2022,139,1120,137.6875,139.125,137.5
06/06/2022,137.7188,3017,139.375,139.4375,137.5312
06/03/2022,139.1875,5456,139.625,139.875,138.5
06/02/2022,139.75,5241,139.9062,140.3438,139.1875
06/01/2022,139.625,11977,140.4062,141,139.25
05/31/2022,140.4375,19740,141.9062,142.0312,139.6875
05/27/2022,141.9375,144025,141.75,142.6875,141.5312
05/26/2022,141.6875,427513,141.8125,142.5625,140.9688
05/25/2022,141.8438,731057,141.9375,142.6875,141.4688
05/24/2022,141.9062,792378,140.4688,142.5,140.2188
05/23/2022,140.3125,416825,141.6875,141.6875,140.0312
05/20/2022,141.7812,430543,140.9375,142.0312,140.2188
05/19/2022,140.5938,448309,140.2188,142.0625,139.7188
05/18/2022,140.3125,403532,138.4062,140.5312,137.9375
05/17/2022,138.6562,322201,139.625,139.8125,138.1875
05/16/2022,139.9062,270045,139.0312,140.4062,138.7812
05/13/2022,139.0938,259402,140.5938,140.625,138.875
05/12/2022,140.9375,438240,139.5,141.0938,139.4375
05/11/2022,139.625,451516,138.4062,139.875,137.2188
05/10/2022,138.5938,371615,137.5312,139.4688,137.125
05/09/2022,136.9375,384079,136.2188,137.75,134.9375
05/06/2022,136.3125,349585,137.7188,137.9062,136
05/05/2022,137.2812,454016,139.5938,140.0938,136.5938
05/04/2022,140.1562,390033,139.6562,140.5312,138.9062
05/03/2022,140,274306,139.3438,140.75,139.0312
05/02/2022,139.0938,286249,139.8438,140.4688,138.9062
04/29/2022,140.6875,442506,141.75,141.9062,139.8438
04/28/2022,141.2188,311566,141.3125,141.9688,140.375
04/27/2022,141.5312,314815,143.0625,143.2812,141.2812
04/26/2022,142.4375,298024,141.4375,143.2812,141
04/25/2022,141.5312,308221,140.125,142.375,139.875
04/22/2022,140.0938,295083,139.9688,140.9375,139.3125
04/21/2022,140.0625,348480,141.1562,141.25,139.2812
04/20/2022,141.0312,355680,139.125,141.4062,138.4375
04/19/2022,139.4688,313832,140.2188,140.5625,138.9688
04/18/2022,140.1875,198243,140.9375,141.0938,140
04/14/2022,141.0625,322162,142.8438,143.6562,140.75
04/13/2022,143.1875,346778,142.4062,143.625,141.3438
04/12/2022,142.4375,350261,142,143.25,141.1875
04/11/2022,142.0625,321947,143.125,143.25,141.8438
04/08/2022,143.1562,299173,144.2812,144.8438,142.8125
04/07/2022,144.25,359642,145.5625,146.125,143.875
04/06/2022,145.4375,374684,146.5938,146.6875,144.75
04/05/2022,146.4062,295228,149.125,149.3438,146.2188
04/04/2022,148.875,275860,149.4688,149.6562,148.4062
04/01/2022,149.8125,380073,149.9375,150.0625,147.9062
03/31/2022,150.0625,399657,149.5312,150.4062,149.3125
03/30/2022,149.4375,300599,149.0938,150.0312,148.1875
03/29/2022,148.9375,323356,147.9062,149.3125,146.8125
03/28/2022,147.625,320212,147.25,148.6562,146.3125
03/25/2022,147.0625,322672,148.75,149.4688,146.625
03/24/2022,149.3438,273070,150,150.0312,148.2188
03/23/2022,149.5312,333790,148.3438,150.25,147.6562
03/22/2022,148.4062,312740,149.9688,150.0938,148.1562
03/21/2022,149.625,281266,152.2188,152.3438,149.4062
03/18/2022,152.4688,230834,151.6562,152.8438,151.4375
03/17/2022,151.4375,315387,151.75,153.2812,151
03/16/2022,151.8125,361108,152.2188,152.4688,150.8438
03/15/2022,152.0312,255031,152.5312,153.4062,151.875
03/14/2022,152.5,283752,155.25,155.2812,152.3438
03/11/2022,155.0625,242979,155.25,155.7188,154.5625
03/10/2022,154.7188,361063,155.25,156.0938,154.4062
03/09/2022,155.6875,337986,157.4375,157.6562,155.25
03/08/2022,157.0625,388487,158.8125,159.3438,156.9062
03/07/2022,159.7812,443951,159.375,160.375,157.9375
03/04/2022,159.3125,427448,156.8125,159.7812,156.625
03/03/2022,156.7812,341862,156.2188,157.125,155.9062
03/02/2022,156.5,464905,158.7812,159.1562,155.5938
03/01/2022,159.1562,596466,156.9375,159.6875,156.3125
02/28/2022,156.6875,508269,155.5312,157.2812,154.9688
02/25/2022,153.9688,348949,154.2188,154.9062,153.3125
02/24/2022,152.4375,904745,152.2812,154.8125,152.2188
02/23/2022,152.5625,934253,153.0938,153.375,152.0625
02/22/2022,152.9688,837985,153.25,154.4375,152.5312
02/18/2022,153.0312,359250,152.125,153.2812,151.625
02/17/2022,151.9688,412719,150.9375,152.5312,150.9062
02/16/2022,150.8438,384362,150.75,151.5,150.375
02/15/2022,150.75,320429,151.9062,152.2188,150.5625
02/14/2022,151.75,447687,152.75,152.375,151.5625
02/11/2022,152.6562,525126,151.4688,153.2188,150.8125
02/10/2022,151.6562,523744,152.9688,153.3438,151.0625
02/09/2022,153.2812,276684,152.6562,153.7812,152.5625
02/08/2022,152.7812,259381,153.4688,153.5625,152.4375
02/07/2022,153.5,260738,153.4375,153.9375,153.0625
02/04/2022,153.25,390783,154.75,155.4062,153.0625
02/03/2022,154.9062,385298,155.75,156.1562,154.2812
02/02/2022,156,307455,155.3438,156.5312,155.0938
02/01/2022,155.3125,280569,155.5312,156.3125,154.7812
01/31/2022,155.625,366707,155.5938,155.9375,154.9688
01/28/2022,155.75,330610,155.375,155.9375,154.4688
01/27/2022,155.4062,383573,154.2188,155.8438,154.1562
01/26/2022,154.3438,312250,155.4375,155.5625,153.9062
01/25/2022,155.25,353051,155.3125,156.2812,154.8438
01/24/2022,155.9062,407655,155.6875,156.5938,155.2188
01/21/2022,155.9375,411526,154.9375,156.25,154.7812
01/20/2022,154.4688,264904,153.75,154.9688,153.5625
01/19/2022,154.5625,448153,153.6562,154.5938,153.2188
01/18/2022,153.6875,538157,155.0312,155.0312,153.5
01/14/2022,155.3438,395025,156.5625,156.5938,154.9688
01/13/2022,156.5312,307092,155.75,156.875,155.5625
01/12/2022,156.0312,321570,156.0625,156.5312,155.6562
01/11/2022,155.9375,328464,155.5938,156.0938,155.2812
01/10/2022,155.3438,360292,155.1562,155.8125,154.5938
01/07/2022,155.125,438647,156.125,156.375,154.625
01/06/2022,155.9375,376565,156.1875,156.625,155.4688
01/05/2022,156.375,360101,157.0938,157.3125,156.1562
01/04/2022,156.8125,428374,157.8125,158.0625,156.4062
01/03/2022,157.9062,341452,160,160.1562,157.5
12/31/2021,160.4375,188893,159.9062,160.5625,159.6875
12/30/2021,159.875,192749,159.2188,160.125,159.125
12/29/2021,159.375,246280,160.625,160.875,159.0312
12/28/2021,160.6562,144268,160.7188,161.3438,160.4062
12/27/2021,160.75,116731,160.5312,160.9062,160.5312
12/23/2021,160.4688,196840,161.4062,161.5625,160.3438
12/22/2021,161.375,214495,161.2188,161.5938,160.875
12/21/2021,160.7812,340611,161.8125,162.0938,160.4375
12/20/2021,161.9688,303016,162.625,163.5938,161.7812
12/17/2021,162.5625,264618,162.1875,162.9688,161.9062
12/16/2021,162.125,340196,161.625,162.3438,161.0938
12/15/2021,161.75,291209,162.1562,162.4688,161.2812
12/14/2021,162.2188,249262,162.5625,162.6562,161.5
12/13/2021,162.4688,219774,161.2188,162.7188,160.9375
12/10/2021,161.3125,295183,161.0312,162.0312,160.7812
12/09/2021,161.2812,313273,160.5625,161.5312,160.375
12/08/2021,160.8125,390134,161.9375,162.8125,160.375
12/07/2021,161.9062,301653,162.4375,162.75,161.7188
12/06/2021,162.5312,323885,163.9375,163.9375,162.3125
12/03/2021,164.1562,515256,162.25,164.375,161.875
12/02/2021,162.3438,401498,162.875,163.125,161.9688
12/01/2021,162.375,459945,161.875,163.0312,161.0312
11/30/2021,162.125,668220,160.9062,162.375,160.4375
11/29/2021,160.4375,382852,161.125,161.125,159.875
11/26/2021,161.3125,326557,158.625,161.5,158.3125
11/24/2021,160,586122,159.2812,160.2812,158.9062
11/23/2021,159.375,869898,160.4062,160.5312,158.9688
11/22/2021,160.3125,872070,161.6562,161.8438,160.1562
11/19/2021,161.8125,502901,160.9062,162.125,160.5
11/18/2021,160.9375,339751,160.7188,161.1562,160.4062
11/17/2021,160.4375,381092,159.8438,160.9375,159.5938
11/16/2021,160,359965,160.375,160.7188,159.7188
11/15/2021,160.25,334465,161.6562,162.0625,160.0312
11/12/2021,161.375,315085,161.75,162.25,161.1875
11/11/2021,161.7812,91759,162.1562,162.375,161.6562
11/10/2021,162.125,563221,163.6875,163.7188,161.2812
11/09/2021,163.7188,419153,162.3125,164.0312,162.2812
11/08/2021,162.2812,288864,162.6562,162.7812,162.125
11/05/2021,162.875,461364,161.0312,163.125,160.6875
11/04/2021,161.1562,400610,159.6562,161.5,159.5625
11/03/2021,160.4688,407477,160.6562,161.4375,159.5625
11/02/2021,160.7812,329629,160.5938,161.1562,160.3438
11/01/2021,160.375,388306,160.8125,161,159.8125
10/29/2021,160.8438,653450,160.1562,161.2188,159.4688
10/28/2021,160.5,559667,160.6562,161.25,160.0938
10/27/2021,160.9688,581492,159.1562,161.1562,158.75
10/26/2021,158.9688,288573,158.5312,159.2188,158.25
10/25/2021,158.5312,287195,158.5938,158.7812,157.75
10/22/2021,158.2812,398935,157.25,158.75,157.25
10/21/2021,157.75,457957,157.6562,158.1562,157.2188
10/20/2021,158.125,478019,158.2188,158.4688,157.5625
10/19/2021,158.2812,351432,159.1875,159.7812,158.0625
10/18/2021,159.5625,410574,159.4062,159.7188,158.6562
10/15/2021,159.375,316830,160.2188,160.25,159.0938
10/14/2021,160.0938,348109,159.8438,160.3438,159.1875
10/13/2021,159.6562,509282,158.6562,159.9375,158.4375
10/12/2021,158.5625,386228,157.5,158.9375,157.4062
10/11/2021,157.4688,109909,157.5938,157.7188,157.0938
10/08/2021,157.75,501681,158.375,158.6562,157.5
10/07/2021,158.4375,344397,159.4375,159.75,158.3125
10/06/2021,159.4688,465541,159.125,159.7812,158.1875
10/05/2021,159.1562,360694,160.0938,160.375,158.9688
10/04/2021,160.125,414372,160.4375,160.625,159.4688
10/01/2021,160.3438,460550,159.9688,160.4688,159.5625
09/30/2021,159.2188,525019,159.5625,160.0938,158.8125
09/29/2021,159.0938,493715,159.0625,160.0938,158.6875
09/28/2021,159.3125,557553,160.5625,160.8125,158.7188
09/27/2021,160.6875,439542,161,161.25,159.8438
09/24/2021,160.9688,475968,161.75,162.2188,160.8438
09/23/2021,162.1562,577934,164.4688,164.4688,161.625
09/22/2021,164.4375,395016,163.7188,164.5,163.375
09/21/2021,163.75,383543,163.75,164.0312,163.1875
09/20/2021,163.875,378388,162.6562,164.1875,162.5938
09/17/2021,162.5938,354889,163.2812,163.5938,162.25
09/16/2021,163.4062,297855,163.9375,164.0625,162.9688
09/15/2021,163.8438,344450,164.0625,164.75,163.5
09/14/2021,164.3125,471437,163.0625,164.6875,162.5625
09/13/2021,163.1562,209054,162.6562,163.2812,162.5625
09/10/2021,162.7188,281714,163.5,163.5938,162.4375
09/09/2021,163.5625,417839,162.4375,163.8438,162.4062
09/08/2021,162.5938,306456,161.8125,162.75,161.7812
09/07/2021,161.9062,335758,162.7812,162.8125,161.625
09/03/2021,162.9062,327026,163.5,164,162.5312
09/02/2021,163.4062,214923,163.375,163.625,163.125
09/01/2021,163.25,377535,162.9062,163.5938,162.5
08/31/2021,162.9688,515546,163.5,163.8438,162.6875
08/30/2021,163.4688,222748,163,163.6562,162.875
08/27/2021,162.9375,307074,162.3125,163.25,162.2812
08/26/2021,164.0625,766343,163.9688,164.1875,163.3438
08/25/2021,163.9375,766022,164.8438,165.1562,163.75
08/24/2021,165.0312,494420,165.75,165.7812,164.8125
08/23/2021,165.8125,369347,165.75,165.875,165.25
08/20/2021,165.75,229969,165.75,166.1875,165.5625
08/19/2021,165.8125,386937,165.2188,166.1875,165.125
08/18/2021,165.0625,346821,165,165.3438,164.5312
08/17/2021,165.0625,300756,165,165.9688,164.7188
08/16/2021,165.125,319371,164.75,165.8125,164.625
08/13/2021,164.4062,257497,163.125,164.8125,163
08/12/2021,162.9062,273872,163.0625,163.4375,162.5625
08/11/2021,163.0312,343179,163,163.8125,162.5312
08/10/2021,163.2188,254938,163.5,163.875,162.9062
08/09/2021,163.6875,269084,163.875,164.5625,163.4062
08/06/2021,164.1875,354201,165.5312,165.6562,163.8125
08/05/2021,165.6875,264924,166.1875,166.5625,165.5
08/04/2021,166.1875,400559,166.0312,167,165.375
08/03/2021,166.125,266767,165.9062,166.4375,165.5312
08/02/2021,166,333115,164.8125,166.4375,164.4375
07/30/2021,164.7188,382111,164.125,165,164.0938
07/29/2021,164.1562,317532,164.875,164.9688,163.8438
07/28/2021,164.375,317794,164.8125,165.0938,164.0625
07/27/2021,165,279971,163.8125,165.0938,163.75
07/26/2021,164.125,243235,164.125,165.375,163.7188
07/23/2021,164.0312,226866,164.1562,164.375,163.4375
07/22/2021,164.5,304637,163.8125,165,163.2812
07/21/2021,164.0312,443650,165.125,165.7188,163.3438
07/20/2021,165.4062,480829,165.9688,167.125,165.0938
07/19/2021,166.1562,496811,163.9688,166.3125,163.8125
07/16/2021,163.8125,232895,163.875,163.9688,163.0625
07/15/2021,163.9062,327914,162.8438,164,162.7812
07/14/2021,162.5938,306354,161.3438,162.875,161.25
07/13/2021,161.4375,509722,162.375,163.125,161.1875
07/12/2021,162.5,249118,162.4375,163.2188,162.2812
07/09/2021,162.625,279201,163.6562,163.6875,162.4062
07/08/2021,163.9375,386725,163.4062,164.9375,163.2812
07/07/2021,163.2812,425418,162.5625,163.8125,162.2188
07/06/2021,162.0938,401724,161.0312,162.6875,160.5938
07/02/2021,160.9062,293989,160.5312,161.25,160.4062
07/01/2021,160.1875,265987,160.2188,160.625,159.9375
06/30/2021,160.75,398853,160.1875,160.9688,160.0312
06/29/2021,160.0938,245746,160.0938,160.25,159.4688
06/28/2021,160.0625,250836,158.9375,160.2188,158.8438
06/25/2021,158.75,342379,159.8125,160.1562,158.5625
06/24/2021,159.9375,204064,159.75,160.0625,159.375
06/23/2021,159.7812,245048,160.125,160.2188,159.4688
06/22/2021,160.1875,291500,159.8438,160.375,159.25
06/21/2021,159.9375,441528,161.25,163.0625,159.6562
06/18/2021,160.9375,493952,159.8438,161.3438,159.4062
06/17/2021,159.7188,701300,157.6875,160.75,157.5
06/16/2021,157.8125,444859,158.5938,158.9688,157.375
06/15/2021,158.5312,326205,158.7188,158.9688,158.2812
06/14/2021,158.5938,222084,159.4062,159.4375,158.5
06/11/2021,159.2188,286721,159.75,159.5,159.0938
06/10/2021,159.3125,490105,158.75,159.7812,157.9688
06/09/2021,158.7812,359671,157.875,159.1875,157.8125
06/08/2021,158,340501,157.1875,158.3438,157.1562
06/07/2021,157.2188,211566,157.7812,157.7812,156.9688
06/04/2021,157.4688,397572,156.0312,157.5312,155.8125
06/03/2021,156.0625,265884,156.5938,156.7188,155.8438
06/02/2021,156.5,228659,156.25,156.6562,155.9688
06/01/2021,156.125,320832,156.25,156.4062,155.5
05/28/2021,156.5312,409386,156.25,156.8438,156.125
05/27/2021,156.1875,326443,156.8125,156.3438,156.0625
05/26/2021,158.5312,1040478,158.6875,159.0312,158.3125
05/25/2021,158.5938,811445,157.75,158.75,158.5625
05/24/2021,157.6875,618673,157.4688,158,157.4688
05/21/2021,157.25,394050,157.0938,157.5,156.9375
05/20/2021,157,336183,156.25,157.1875,156.125
05/19/2021,156.0625,492384,156.7188,157.25,155.7812
05/18/2021,156.6875,236305,156.5312,157,156.3438
05/17/2021,156.7812,259396,156.9375,157.4375,156.5
05/14/2021,156.8125,339972,156.2188,157.0312,156.0938
05/13/2021,156.1875,431234,155.6562,156.3438,156.1875
05/12/2021,155.5938,538437,156.9688,157.2812,155.5
05/11/2021,156.9375,320483,157.4688,157.0312,156.8438
05/10/2021,157.5312,365837,157.9062,158.375,157.3125
05/07/2021,157.9688,553531,158.4688,158.1875,157.9062
05/06/2021,158.625,314062,158.3438,158.7188,158.375
05/05/2021,158.125,301158,158,158.4688,158.1875
05/04/2021,158,373824,157.7188,158.25,157.9062
05/03/2021,157.625,363418,157.2188,158.3125,156.6562
04/30/2021,157.25,471168,157.25,157.4375,157.0625
04/29/2021,157.1875,353338,157.625,157.3125,156.625
04/28/2021,157.5,370171,157.4375,157.75,156.9062
04/27/2021,157.4375,303144,158.4375,157.5625,157.2812
04/26/2021,158.4375,277534,158.2812,158.5312,158.3438
04/23/2021,158.2812,286408,158.7812,158.9375,157.9688
04/22/2021,158.4375,330564,158.25,158.8438,158.4688
04/21/2021,158.125,307313,158.2188,158.375,157.7812
04/20/2021,158.1562,321892,157.3438,158.3125,158.0312
04/19/2021,157.5,279212,157.9062,158.4062,157.2188
04/16/2021,158,398568,157.8438,158.4688,157.5
04/15/2021,159,594344,156.9062,158.5625,157.6875
04/14/2021,156.875,277903,157.3125,157.4375,156.6562
04/13/2021,157.1562,432372,156.4688,157.3438,156.8438
04/12/2021,156.2812,265273,156.5625,156.4688,156.1562
04/09/2021,156.5,379085,157.0625,156.75,156.4375
04/08/2021,156.7812,289379,155.9688,157.0938,155.9375
04/07/2021,156.375,301183,156.4062,156.2812,155.9062
04/06/2021,156.5312,320425,155.9062,156.625,155.5938
04/05/2021,155.5938,207421,155.6562,156.1875,155.1875
04/01/2021,155.6875,89424,156.4062,156.8125,155.5
03/31/2021,154.5938,605914,155.3125,155.4375,154.5
03/30/2021,155.0312,452379,155.0312,155.375,155.1562
03/29/2021,154.7812,336250,155.5938,156.4375,154.6875
03/26/2021,155.9688,372301,156.2188,156.5938,155.3125
03/25/2021,156.6875,500866,156.7812,157.25,156.2188
03/24/2021,156.75,368697,156.4062,157.125,155.9062
03/23/2021,156.1562,358070,155,156.5625,154.875
03/22/2021,155.25,348083,154.4062,155.4375,154.3125
03/19/2021,154.0938,471098,154.3125,154.3438,154.0312
03/18/2021,154,627543,155.1875,154.4688,154.0938
03/17/2021,155.1562,534169,155.9375,155.3438,155.0625
03/16/2021,155.8438,428383,156.25,156.625,155.7188
03/15/2021,156.125,395124,155.6562,156.4375,156.0312
03/12/2021,155.5625,507070,157.5,157.75,155.375
03/11/2021,157.9062,535259,158.0625,158.0938,157.4375
03/10/2021,158.1562,430655,158.0938,158.2188,158
03/09/2021,157.7812,482993,156.75,158.1875,156.6562
03/08/2021,156.75,364812,156.5312,157.125,156.25
03/05/2021,157.2188,570697,156.7812,157.5,155.8438
03/04/2021,157.0938,539381,158.1562,157.375,156.75
03/03/2021,158.5312,450954,159.875,158.6562,158
03/02/2021,159.4688,443967,159.5,159.9688,159.3438
03/01/2021,159.1875,548005,160.25,159.625,159.0312
02/26/2021,159.2188,851584,158.375,161.0625,157.4375
02/25/2021,158.2188,675093,160.0938,160.2188,156.25
02/24/2021,161.5312,952762,162.5625,162.9062,160.5
02/23/2021,162.1562,1073451,162.4688,162.7812,161.7188
02/22/2021,162.375,977440,163.0312,163.4062,162.0625
02/19/2021,163.0938,606962,164.4062,164.6875,162.8125
02/18/2021,164.5,482256,165.0312,164.7812,164.25
02/17/2021,164.4062,677438,163.9375,165,164.1875
02/16/2021,164.0938,662767,165.8125,165.875,163.9062
02/12/2021,166.1562,399098,167.0312,166.3438,165.875
02/11/2021,167.25,422177,167.7188,168,167.0312
02/10/2021,167.5312,404637,167.0625,167.7812,166.6562
02/09/2021,167.0625,310063,166.9062,167.5938,166.875
02/08/2021,167.125,392180,166.6875,167.375,166.0938
02/05/2021,166.7188,536048,167.3438,167.7188,166.4062
02/04/2021,167.4688,318933,167.5938,167.5938,167.3438
02/03/2021,167.8438,301017,168.5625,167.8438,167.5938
02/02/2021,168.4375,281848,168.8438,169.0312,168.0625
02/01/2021,169,301905,169.25,169.375,168.6875
01/29/2021,168.7188,597260,169.7188,169.9062,168.4062
01/28/2021,169.5625,462144,170.4062,170.9062,169.1875
01/27/2021,170.4375,411889,170.0312,170.7812,169.625
01/26/2021,169.875,268008,170.125,170.2812,169.6562
01/25/2021,169.9688,350728,168.9688,170.1875,168.5938
01/22/2021,168.875,293455,168.4062,169.1562,168.2188
01/21/2021,168.4375,371401,169.1562,169.3438,168.1875
01/20/2021,169,285285,169,169.375,168.6562
01/19/2021,168.9688,382008,169.0312,169.25,168.3125
01/15/2021,168.8125,324242,168.125,169.1562,168.75
01/14/2021,168.2188,435983,169.4062,168.8125,168.0312
01/13/2021,169.375,457224,168.3438,169.4688,169.125
01/12/2021,168.1875,398915,168.0625,168.375,167.3438
01/11/2021,168.3438,305795,168.4688,168.9688,168.0312
01/08/2021,168.75,509648,168.9375,169.4062,168.1562
01/07/2021,169.2188,396181,169.7188,169.9688,168.6562
01/06/2021,169.7188,671450,171.9375,172.3125,169.4062
01/05/2021,172,398538,173.0312,173.0312,171.7188
01/04/2021,173.0312,392652,172.8438,173.3438,172.8125
12/31/2020,173.1875,205210,172.875,173.25,172.5625
12/30/2020,172.8438,204231,172.5625,172.9062,172.0312
12/29/2020,172.6562,211278,172.875,172.875,172.1562
12/28/2020,172.8438,185179,172.9375,172.9375,172.2812
12/24/2020,172.75,95197,172.2812,172.9062,172.0625
12/23/2020,172.0625,324076,173.0625,173.4375,171.5
12/22/2020,173.0312,218184,172.5938,173.0938,172.4375
12/21/2020,172.375,388165,172.2812,173.75,172.1562
12/18/2020,172.125,250031,172.5,173.0312,172.0625
12/17/2020,172.6562,356566,172.9688,173.6875,172.2812
12/16/2020,172.9375,402585,173.25,173.375,172.125
12/15/2020,172.9062,273213,173.625,173.9688,172.8438
12/14/2020,173.6875,299724,173.5,173.6875,173.5312
12/11/2020,173.6562,288923,173.5625,174.2812,173.3438
12/10/2020,173.4688,350316,172.625,173.625,172.5312
12/09/2020,172.4688,300153,172.8438,172.875,171.9375
12/08/2020,173.0625,272969,172.625,173.5,172.25
12/07/2020,172.5312,289330,171.5312,172.6562,172.1875
12/04/2020,171.6562,406698,173.1562,173.4688,171.125
12/03/2020,172.875,317229,172.4375,173.3125,172.1562
12/02/2020,172.1562,393549,172.8125,173.1875,171.6875
12/01/2020,172.6562,448039,175,175.1562,172.5
11/30/2020,174.9062,437460,175,175.3125,174.5625
11/27/2020,175.0312,162269,173.9688,175.0625,173.9688
11/25/2020,172.875,513226,172.9688,173.6562,172.5312
11/24/2020,172.9062,907878,173.5,173.5625,172.625
11/23/2020,173.4688,808363,174.2188,174.25,173.2812
11/20/2020,174.0625,469373,173.9062,174.2812,173.4688
11/19/2020,173.25,438507,172.7812,173.9062,172.75
11/18/2020,172.5312,357012,172.9062,173.4688,172.1562
11/17/2020,172.5625,305535,171.875,172.9062,171.5938
11/16/2020,171.9062,298186,172.0938,172.6875,171.2812
11/13/2020,172.1875,235223,172.3438,172.25,172
11/12/2020,172.2812,415745,170.5312,172.4688,170.4688
11/11/2020,170.6562,106272,170.2188,170.8438,170.3125
11/10/2020,170,434903,171,171.4375,169.9375
11/09/2020,170.1875,624264,173.0312,171.0938,170.0938
11/06/2020,173.3125,358427,174.75,174.9688,172.9062
11/05/2020,174.3438,409024,174.625,174.7812,174.3125
11/04/2020,174.4375,821648,171.1562,174.6562,174.0625
11/03/2020,172.0312,333548,172.8125,172.0312,171.4062
11/02/2020,172.75,331943,172.1562,172.8125,172.5625
10/30/2020,172.4688,566732,173.2188,173.5938,172
10/29/2020,172.8438,473682,174.25,174.4062,172.625
10/28/2020,174.0312,367295,174.375,174.3438,174.1875
10/27/2020,174.0938,266305,173.5312,174.4062,173.375
10/26/2020,173.5938,330261,172.7188,173.9375,172.6875
10/23/2020,172.5938,289436,171.9688,172.7812,171.6875
10/22/2020,172.3438,349935,172.9062,173.4688,171.7812
10/21/2020,173.0938,393550,173.6562,173.5625,172.8438
10/20/2020,173.5,316406,174.25,174.4375,173.375
10/19/2020,174.5,288198,174.75,174.8438,173.9375
10/16/2020,174.9062,281829,175.0938,175.5625,174.5
10/15/2020,175.25,327440,175.25,176.3125,175
10/14/2020,175.375,236504,175.1562,175.375,175.1875
10/13/2020,175.1875,262107,174.375,175.25,174.25
10/12/2020,174.375,63362,174.0938,174.4375,174
10/09/2020,174.0312,306017,173.75,174.1562,173.9688
10/08/2020,174.1875,298142,173.5938,174.3125,173.5625
10/07/2020,173.6562,343876,174.875,175,173.3125
10/06/2020,174.6875,488386,173.75,174.9375,174.4375
10/05/2020,174.2188,348295,175.6875,174.0625,173.6875
10/02/2020,175.9062,396859,176.2188,177,175.5938
10/01/2020,176.3438,380374,176.0938,176.5625,176.125
09/30/2020,176.2812,504356,177.0938,177.2812,175.4375
09/29/2020,177.2188,210811,177.0625,177.375,176.8438
09/28/2020,176.8438,166456,177.125,177.1875,176.5938
09/25/2020,177.0312,214370,176.875,177.2812,176.625
09/24/2020,176.9688,282856,176.5938,177,176.375
09/23/2020,176.4688,261128,176.5,176.9688,175.9375
09/22/2020,176.6875,224004,176.625,176.8125,176.2188
09/21/2020,176.5312,280553,176.0625,177.2812,176.0625
09/18/2020,176,216435,176.3125,176.875,175.9062
09/17/2020,176.4688,312495,176.0938,177.4375,176.0938
09/16/2020,176.2188,278827,176.4375,177.125,175.875
09/15/2020,176.5,257271,176.5938,176.75,176.0938
09/14/2020,176.6875,188762,176.625,177.0625,176.3125
09/11/2020,176.5938,225882,176.375,176.6875,175.8125
09/10/2020,176.25,331062,175.7188,176.4688,175
09/09/2020,175.7188,290788,176.5,177,175.5312
09/08/2020,176.2812,320547,175.4062,176.9688,175.125
09/04/2020,175.375,346478,177.5,176.8438,175.25
09/03/2020,177.875,315532,177.1875,178.5312,176.7812
09/02/2020,177.2188,298264,176.375,177.3438,175.875
09/01/2020,176.3438,330210,175.4062,176.4688,174.6562
08/31/2020,175.7188,429963,174.9688,175.8125,174.1875
08/28/2020,174.7812,308392,174.4688,175.25,173.5
08/27/2020,174.75,545362,176.4062,177.4375,174.4688
08/26/2020,178.1562,693941,178.4062,178.4688,177.375
08/25/2020,178.5312,772335,179.2188,179.2812,177.5938
08/24/2020,179.4375,378566,179.6875,180.0625,179.1562
08/21/2020,179.5938,312900,179.125,179.875,178.875
08/20/2020,179.3438,324523,178.2188,179.5,178.2188
08/19/2020,178.4375,352008,178.8438,179.4062,178
08/18/2020,178.8125,258329,178.25,179.0312,178.1875
08/17/2020,178.3438,254529,177.8438,178.75,177.6875
08/14/2020,177.8438,272432,177.6875,178.4688,177.6562
08/13/2020,177.8125,371998,178.625,179.625,177.5
08/12/2020,178.7812,363503,179.5,179.9688,178.25
08/11/2020,179.125,401587,181.1562,181.3125,179.0312
08/10/2020,181.2812,193931,181.4688,182,181.0625
08/07/2020,181.5938,270454,182.2812,182.8125,181.4062
08/06/2020,182.25,258487,181.875,183.1875,181.7188
08/05/2020,182.0938,279275,182.9688,183,181.6562
08/04/2020,182.7812,211480,181.7812,183,181.5938
08/03/2020,181.5938,260643,182.4062,182.5312,181.2812
07/31/2020,182.2812,348208,182.125,182.8125,181.6562
07/30/2020,182.3125,225856,181.375,182.4688,181.3125
07/29/2020,181.2812,209388,181.5,181.625,180.9062
07/28/2020,181.4375,227592,180.4688,181.5938,179.9375
07/27/2020,180.6562,203213,181,181.6562,180.4062
07/24/2020,181.0312,239887,181.2812,181.9375,180.7188
07/23/2020,181.0938,237140,180.5312,181.3125,180.5
07/22/2020,180.625,226481,180.3438,181,180.25
07/21/2020,180.2812,179098,180.25,180.625,179.8438
07/20/2020,180,171818,179.6875,180.4688,179.6875
07/17/2020,179.7188,147076,180.0625,180.5625,179.5938
07/16/2020,180.2188,169052,179.6562,180.4688,179.5
07/15/2020,179.7188,209618,179.75,180.1875,179.0938
07/14/2020,180.2812,241791,180.0938,180.75,179.7812
07/13/2020,179.625,209845,179.5938,180.2188,178.9688
07/10/2020,179.8125,261710,180.1562,181.4375,179.5312
07/09/2020,180.375,308868,178.625,180.5625,178.5938
07/08/2020,178.9375,211969,179.2188,179.2812,178.4375
07/07/2020,179,193087,178.0312,179.375,177.7812
07/06/2020,177.9688,165006,178.125,178.5625,177.1875
07/02/2020,178.2812,199426,178.2812,178.5625,177.2812
07/01/2020,178.125,268371,178.4688,178.5,177.4688
06/30/2020,178.5625,306603,179.3125,179.5312,178.2188
06/29/2020,179.0312,209054,179.0312,179.3125,178.7812
06/26/2020,179.0938,213837,179.1562,179.2188,178.9688
06/25/2020,178.2188,228047,178.0625,178.625,177.8438
06/24/2020,177.875,254543,176.8125,178.125,176.4062
06/23/2020,176.9375,189918,177.1875,177.9375,176.5
06/22/2020,177.2188,159487,177.4375,178.0312,177.0938
06/19/2020,177.2812,188520,176.9062,177.5625,176.0625
06/18/2020,177.4062,193613,175.9688,177.4688,175.9375
06/17/2020,176.1875,227345,175.5625,176.4062,175.2812
06/16/2020,175.6875,331551,176.875,176.9062,174.9062
06/15/2020,177.3125,201495,177.3438,178.4375,176.8125
06/12/2020,177.1875,235599,178.0625,178.2812,176.6875
06/11/2020,178.3438,339243,176.125,178.4062,176.125
06/10/2020,175.9062,262997,174.375,176.2812,174.2188
06/09/2020,174.3125,244912,173.0312,174.9688,173
06/08/2020,172.875,218727,172.5625,173.4062,171.7188
06/05/2020,172.5,456073,173.875,174.4688,170.9375
06/04/2020,174,306616,175.7812,176.0312,173.7812
06/03/2020,175.5,306389,177.1875,177.375,175.0938
06/02/2020,177.3438,175207,177.6562,178.0312,176.9375
06/01/2020,177.75,215315,178.375,178.8125,177.0625
05/29/2020,178.375,370617,177.3125,178.5,177.3125
05/28/2020,177.0625,271273,177.625,178,176.75
05/27/2020,179.4688,542764,178.9062,179.9062,178.1562
05/26/2020,178.9688,741010,180.2812,180.4688,178.8125
05/22/2020,180.25,336213,179.8125,181.125,179.75
05/21/2020,179.7188,412557,179.4688,180.25,179.4062
05/20/2020,179.625,336589,179.1562,179.875,178.5312
05/19/2020,178.625,223258,178.4375,179.1562,177.8125
05/18/2020,178.1562,229246,181.0312,181.125,178.0625
05/15/2020,180.9375,208907,181.5625,182.4688,180.7188
05/14/2020,181.625,267739,180.4688,182.0625,180.375
05/13/2020,180.6562,291569,180.0625,181.0625,179.875
05/12/2020,179.8125,238450,178.8438,180.2812,178.5938
05/11/2020,178.5,209372,179.6875,179.8125,178.4688
05/08/2020,179.6875,220876,180.7188,181.75,179.5312
05/07/2020,181.125,294240,179.0312,181.3438,178.6875
05/06/2020,178.7188,262960,180.1875,180.25,178.0312
05/05/2020,180.2812,170718,180.75,180.8438,179.6562
05/04/2020,180.7188,174309,180.6562,180.9688,180.5312
05/01/2020,180.6562,172048,180.7188,181.7812,180.25
04/30/2020,181.0312,310098,181.2188,182.1562,180.2812
04/29/2020,181.375,187171,181.9375,182.625,181.0312
04/28/2020,181.8438,178319,180.375,182.2188,180.0938
04/27/2020,180.5625,194451,181.9062,182.0938,180.25
04/24/2020,182,142986,181.7188,182.3438,181.25
04/23/2020,181.4062,207039,181.0312,182,180.5625
04/22/2020,180.9688,188135,182.375,183.0625,180.5625
04/21/2020,182.25,211640,181.125,183.0312,180.875
04/20/2020,180.75,128231,180.2188,181.1875,180.0312
04/17/2020,179.875,231885,180.5938,182.0312,179.5
04/16/2020,181.4062,224464,180.5938,181.6875,180.0625
04/15/2020,180.5625,228355,177.7812,181,177.6875
04/14/2020,177.6875,188390,177.5938,178.4375,177.4375
04/13/2020,178.125,139513,178.3438,179.0625,177.4375
04/09/2020,178.8438,178378,177.9375,179.1875,177.5625
04/08/2020,178.2812,185215,179.5938,180.0938,177.875
04/07/2020,179.2188,203545,180.5938,180.625,177.875
04/06/2020,180.5625,156991,182.125,182.125,180.3125
04/03/2020,182.5625,181415,181.7188,182.9688,181.4375
04/02/2020,181.5312,195999,182.4062,182.8125,181.3125
04/01/2020,181.125,229277,179.9062,182.7812,179.6875
03/31/2020,179.0625,311716,179.125,180.5625,178.8438
03/30/2020,180.7188,214809,181.0625,182.5,178.875
03/27/2020,179.0625,186758,177.5312,180.9688,177.2812
03/26/2020,178.125,222815,177.375,179.5938,177.125
03/25/2020,177.75,202720,177.5312,179.6562,177.1875
03/24/2020,178.8438,223567,178.2812,179.125,176.625
03/23/2020,179.6562,364530,178.5938,181.25,174.875
03/20/2020,175.9688,249136,172.0312,178.0312,171.7188
03/19/2020,172.625,275252,170.4688,175.9688,167.8438
03/18/2020,167.9688,345576,171.7812,174.625,167.1562
03/17/2020,173.625,310114,181.3125,181.5938,171.0312
03/16/2020,181.0625,300688,179.5625,182.6562,177.875
03/13/2020,176.6562,407014,179.8438,180.7188,172.1562
03/12/2020,179,442833,179,184.2188,176.8125
03/11/2020,180.5312,453522,178.8438,182.5938,178.5312
03/10/2020,179.5938,654501,184.0625,186.4062,177.7812
03/09/2020,185.5938,691957,180.5312,191.6875,180.5312
03/06/2020,179.6875,938123,174.0625,180.5938,173.75
03/05/2020,173.6562,543767,171.5938,174.25,171.3125
03/04/2020,172.125,615216,172.2812,173.5,170.5625
03/03/2020,172.0312,866308,169.4688,174.5,169
03/02/2020,171.0938,662895,171.0938,171.625,169.375
02/28/2020,170.25,892545,170.25,170.875,169.2188
02/27/2020,167.4688,694778,167.0938,168.5625,166.75
02/26/2020,168.0938,835472,167.2188,168.2812,166.5312
02/25/2020,167.6875,1018523,166.8125,168.1562,165.9688
02/24/2020,166.7188,909776,165.9688,167.3438,165.4688
02/21/2020,164.9688,653631,164.125,165.6875,164
02/20/2020,163.9375,479835,164.125,164.1562,163.7812
02/19/2020,162.9688,329119,163,163.1562,162.9062
02/18/2020,163.1562,388967,162.5938,163.5,162.0625
02/14/2020,162.4062,260793,161.8438,162.8125,161.8125
02/13/2020,161.875,368414,161.6562,162.8125,161.625
02/12/2020,161.6875,247175,162.1875,162.2812,161.4688
02/11/2020,162.4688,277974,162.6562,162.7812,162.1562
02/10/2020,163.1562,276918,162.6562,163.2812,162.2188
02/07/2020,162.5938,342930,161.3438,162.7812,161.3125
02/06/2020,161.375,343330,161.0938,161.5312,160.4688
02/05/2020,161.125,399493,161.125,161.1875,160.9375
02/04/2020,162.0938,386277,163.6875,163.9375,161.8125
02/03/2020,163.7812,400406,164.0625,164.1562,162.5938
01/31/2020,163.5312,480306,163.8438,163.875,163.6875
01/30/2020,162.9062,403483,162.4688,163.375,162.2188
01/29/2020,162.25,278869,161,162.6562,160.8438
01/28/2020,161.3125,347628,161.9688,162.7812,160.875
01/27/2020,162.0312,472934,161.3125,162.2188,161
01/24/2020,160.625,362727,159.5938,160.875,159.0312
01/23/2020,159.5625,365612,158.8125,159.9688,158.7812
01/22/2020,158.8125,259306,158.5,159.0312,158.1562
01/21/2020,158.5938,316457,157.4688,158.7188,157.2812
01/17/2020,157.2812,465115,157.9062,157.9375,156.875
01/16/2020,158.0938,222269,158.5938,158.7812,157.875
01/15/2020,158.5,269457,157.9375,158.7188,157.8438
01/14/2020,157.9062,271212,157.25,158,156.9375
01/13/2020,157.25,243561,157.2188,157.4375,157.1875
01/10/2020,157.625,256391,156.75,157.8125,156.625
01/09/2020,156.8125,361990,156.2812,157.0312,155.9062
01/08/2020,156.375,475895,157.5312,159.5938,156.25
01/07/2020,157.4062,236748,157.75,158.0938,157.3438
01/06/2020,157.8438,271503,158.0625,158.2188,157.6875
01/03/2020,158.2812,333947,156.7188,158.3438,156.6562
01/02/2020,156.5938,269649,155.625,157.125,155.1562
12/31/2019,155.9062,224575,156.4688,156.5,155.4062
12/30/2019,156.25,224113,156.75,156.8438,155.3125
12/27/2019,156.9062,138587,156.625,157.0312,156.4688
12/26/2019,156.4688,76345,156.4062,156.7812,156.1875
12/24/2019,156.375,76041,155.9688,156.5625,155.5625
12/23/2019,155.875,141737,156.1875,156.75,155.7188
12/20/2019,156.25,182337,156.0625,156.3438,155.5938
12/19/2019,156.2812,238842,156.1562,156.4688,155.4375
12/18/2019,156.0312,257949,157,157.2812,155.8125
12/17/2019,156.8125,200576,156.75,157.1562,156.7188
12/16/2019,156.8438,230259,157.9062,158.0625,156.75
12/13/2019,158.2188,474891,157.4062,158.3438,157.3125
12/12/2019,156.7812,559518,158.75,159,156.1562
12/11/2019,158.9062,246662,157.8438,159.0625,157.8125
12/10/2019,158.0625,277490,158.0938,158.5312,157.5938
12/09/2019,157.9688,181042,157.5938,158.4062,157.5625
12/06/2019,157.625,287630,157.9062,157.9375,157.5312
12/05/2019,158.3438,273120,158.7188,159.1562,157.8125
12/04/2019,158.7188,315603,159.8438,160.375,158.4375
12/03/2019,160.0938,417907,157.75,160.4062,157.25
12/02/2019,157.4062,409641,157.6562,157.8125,157.3438
11/29/2019,158.9688,244020,159.0938,159.5938,158.5625
11/27/2019,159.3125,197966,159.75,159.8438,159.0312
11/26/2019,160.5938,416920,160.25,160.7812,159.8125
11/25/2019,160.0625,631680,159.8125,160.3125,159.5
11/22/2019,159.875,440796,159.6875,160.3125,159.4062
11/21/2019,159.7188,536965,160.5,160.9062,159.375
11/20/2019,160.3125,353462,160.375,160.4688,160.125
11/19/2019,159.3438,235167,158.6562,159.4688,158.4688
11/18/2019,158.7812,217786,158.3438,159.0938,157.875
11/15/2019,158.3125,168922,158.4688,158.6562,157.9062
11/14/2019,158.6562,296962,157.25,158.9375,157.2188
11/13/2019,157.625,291302,156.3438,157.8125,156.3438
11/12/2019,157,279216,156.5312,157.1875,156
11/11/2019,156.5,62106,156.125,156.875,156.0938
11/08/2019,156.4062,327561,156.6562,157.2188,156.0312
11/07/2019,156.6562,505894,158.5938,159,155.8125
11/06/2019,158.9688,301487,158.375,159.1562,158.3438
11/05/2019,157.875,321332,159.625,159.625,157.7812
11/04/2019,159.4688,240561,160.625,160.8125,159.2812
11/01/2019,160.625,302154,161.2188,161.6875,160.3125
10/31/2019,161.375,435801,161.3438,161.5,161.25
10/30/2019,159.5938,293057,158.5938,160.0312,158.375
10/29/2019,158.6875,215937,158.625,158.7188,158.5312
10/28/2019,158.2812,229565,159.4688,159.5,158.1562
10/25/2019,159.375,251405,160,160.3438,159.1562
10/24/2019,159.9688,253526,160.0938,160.625,159.625
10/23/2019,160.0938,210827,160.125,160.6875,159.9375
10/22/2019,160.0625,219061,159.9375,160.0625,159.8438
10/21/2019,159.4375,172836,159.375,159.375,159.2188
10/18/2019,160.2188,189107,160.3125,160.6875,159.7188
10/17/2019,160.1875,232107,160.4062,160.7188,159.3125
10/16/2019,160.2812,259961,159.9688,160.8125,159.7812
10/15/2019,159.9375,265297,161.25,161.7188,159.7188
10/14/2019,161.125,84863,160.75,161.75,160.4688
10/11/2019,160.4375,470270,162.0625,162.5938,160.0625
10/10/2019,162.25,365438,163.6562,164.3438,161.9062
10/09/2019,163.5625,246054,164.6875,164.75,163.4375
10/08/2019,164.5625,325966,164.2812,165.2188,163.5625
10/07/2019,164.4062,215074,164.4375,164.5,164.0938
10/04/2019,165,316258,164.375,165.1562,164.1562
10/03/2019,164.4062,369865,164.0625,164.5625,163.8438
10/02/2019,163.3125,344604,163.3125,163.4375,163.125
10/01/2019,162.6875,469659,162.5,163.3438,160.5938
09/30/2019,162.3125,280772,162.0938,162.5625,161.5312
09/27/2019,162.3438,255193,162.0625,162.4062,161.4688
09/26/2019,162.3125,276796,161.1875,162.4688,161.1562
09/25/2019,161.25,355060,162.7812,163.3125,161.125
09/24/2019,163.125,301455,161.3438,163.25,161.1875
09/23/2019,161.6562,325416,161.1875,162.5,160.5
09/20/2019,160.875,244263,160.2812,161.625,160.0938
09/19/2019,160.5,275945,159.9375,160.9688,159.5312
09/18/2019,160.125,274382,159.6875,160.75,159.3125
09/17/2019,159.4062,286383,158.75,159.875,158.625
09/16/2019,158.9688,309549,158.1875,159.4688,157.9375
09/13/2019,157.625,446478,160.0938,160.2188,157.5312
09/12/2019,159.8125,539981,160.75,162.2812,159.5938
09/11/2019,160.9375,326106,160.9062,161.3125,160.375
09/10/2019,161.4688,387471,161.0938,161.125,160.5625
09/09/2019,162.9688,236152,164.4062,164.5,162.3125
09/06/2019,164.5,308063,164,164.7188,163.1875
09/05/2019,163.875,426668,163.8125,164.0312,163.75
09/04/2019,165.9375,234888,165.875,166.125,164.9688
09/03/2019,165.9062,395847,165.5312,166.7188,165.5312
08/30/2019,165.4688,382829,165.4688,165.6875,164.4375
08/29/2019,165.25,355403,165.5938,166.4688,164.75
08/28/2019,166.9062,501039,166.875,167.5625,166.3125
08/27/2019,166.5,635287,165.2188,166.9062,165.1875
08/26/2019,165.0938,570808,166.4062,167.4688,165.0625
08/23/2019,165.5312,561801,163.9375,165.9688,162.9375
08/22/2019,164.0938,360675,164.5,165.2188,163.7188
08/21/2019,164.8125,319737,165.1875,165.4688,163.9688
08/20/2019,165,268402,164.1562,165.4062,164.125
08/19/2019,164.25,375168,165.0312,165.0625,163.375
08/16/2019,165.5625,358442,165.7188,166.1875,164.2812
08/15/2019,165.7188,620373,164.8125,166.9375,164.5312
08/14/2019,164.9062,464703,162.5312,165.2188,162.4688
08/13/2019,162.9375,496763,163.2188,163.9375,162.1562
08/12/2019,163.4375,254623,161.3438,163.6562,161.1562
08/09/2019,161.2812,325559,161.7812,162.4375,161.0312
08/08/2019,161.5625,485946,161.1562,161.8125,159.7188
08/07/2019,162.2188,703572,161.6875,163.9688,161.1562
08/06/2019,161,474111,161.5312,161.9688,160.0312
08/05/2019,160.7188,483271,158.6562,161.3438,158.5312
08/02/2019,158.5938,487472,157.4062,158.9688,157.3438
08/01/2019,157.6875,582829,155.6562,158.125,154.9688
07/31/2019,155.5938,418102,154.7188,155.9062,154.625
07/30/2019,154.625,198423,154.625,155.0938,154.4375
07/29/2019,154.7812,175044,154.5,154.9688,154.4375
07/26/2019,154.3438,211746,154.25,154.7812,154
07/25/2019,154.3125,362324,154.9062,155.5625,153.7188
07/24/2019,154.8125,233229,154,154.9375,154
07/23/2019,154.2812,229625,154.875,154.9688,154.0312
07/22/2019,154.9375,171831,154.6562,155.3438,154.5
07/19/2019,154.75,229596,155.0938,155.1875,154.5312
07/18/2019,154.9688,294094,155,155.2812,154.25
07/17/2019,154.75,227240,153.9375,155.0938,153.7812
07/16/2019,153.625,220206,154.1562,154.25,153.1562
07/15/2019,154.0625,180092,153.4688,154.2188,153.0625
07/12/2019,153.7188,258510,153.2812,153.75,152.875
07/11/2019,153.5312,397925,154.5625,155.0938,152.9688
07/10/2019,154.6562,359894,154.9688,155.25,153.9062
07/09/2019,155.0938,214779,155.125,155.4062,154.75
07/08/2019,155.4062,214596,154.9375,155.6875,154.9375
07/05/2019,154.9688,337079,156.8438,157.0625,154.4688
07/03/2019,156.6562,3000,156.625,156.6875,156.5625
07/02/2019,156.0938,202312,155.2188,156.1875,155.125
07/01/2019,155,240464,155,155.6562,154.6875
06/28/2019,155.5938,230726,155.5938,155.6875,155.1562
06/27/2019,155.7188,214345,154.9375,155.8125,154.5625
06/26/2019,154.9688,213718,156.0312,156.0312,154.8438
06/25/2019,155.9062,263857,155.4375,156.0625,155.2812
06/24/2019,155.4062,204766,154.7812,155.5,154.5312
06/21/2019,154.5938,307464,155.4062,155.9688,154.5625
06/20/2019,155.7188,379503,155.4688,156.5312,155.2188
06/19/2019,155.4375,332787,155.0938,155.5312,154.2812
06/18/2019,155,347333,154.5,155.9375,154.4375
06/17/2019,154.625,185337,154.5625,154.75,154
06/14/2019,154.3438,243450,154.0938,154.8438,154
06/13/2019,154.25,236611,153.6875,154.375,153.625
06/12/2019,153.5938,254641,153.5938,154.1562,153.375
06/11/2019,153.5938,227060,153.3125,153.6875,152.8438
06/10/2019,153.4688,224114,153.625,154.1875,153.2812
06/07/2019,154.5312,305302,153.7188,154.9375,153.4688
06/06/2019,153.5312,362256,153.25,154.3125,153.1562
06/05/2019,153.4062,401709,153.5,154.1875,153.0938
06/04/2019,153.6875,362537,154.8438,154.9375,153.25
06/03/2019,154.5938,452484,153.75,155.0312,153.7188
05/31/2019,153.7188,559867,152.625,154,152.5
05/30/2019,152.4375,246845,151.6562,152.6875,151.375
05/29/2019,152.75,505272,152.0938,153.1562,152.0625
05/28/2019,152.0312,807110,151.4062,152.25,151
05/24/2019,150.9688,34771,151.0938,151.5312,151
05/23/2019,151.4375,524506,149.9062,151.4688,149.8438
05/22/2019,149.7188,339876,149.1562,149.9375,149.0625
05/21/2019,149.1875,217951,149.3438,149.5625,148.9375
05/20/2019,149.375,213864,149.6875,150,149.2812
05/17/2019,149.6875,204353,149.5938,150.125,149.375
05/16/2019,149.4375,205021,149.9062,150.3125,149.3438
05/15/2019,149.875,276333,149.2812,150.125,149.1875
05/14/2019,149.1875,220311,149.4375,149.625,149.0625
05/13/2019,149.4688,321467,149.0625,149.7188,148.6875
05/10/2019,148.6562,337448,148.9062,149.1562,148.4062
05/09/2019,148.6875,469719,148.1562,149.0938,148.125
05/08/2019,148.2188,345085,148.625,149.1875,148.0312
05/07/2019,148.75,333393,148.3125,148.8438,147.75
05/06/2019,147.8125,274273,147.6562,148.75,147.6562
05/03/2019,147.375,246345,147.1562,147.6562,146.6562
05/02/2019,146.9375,267271,147.8125,147.9062,146.875
05/01/2019,147.5938,303323,147.5938,148.375,147.5
04/30/2019,147.4688,337445,147.1562,147.625,146.75
04/29/2019,146.9688,190660,147.625,147.6562,146.8438
04/26/2019,147.5938,242491,147.25,147.8125,146.9375
04/25/2019,147.1562,173135,147.4062,147.4688,147
04/24/2019,147.3438,206761,146.5312,147.4375,146.4375
04/23/2019,146.5,173150,146.3125,146.625,146.125
04/22/2019,146.2188,119511,146.7812,146.8438,146.1562
04/18/2019,146.8438,220971,146.25,146.9688,146.2188
04/17/2019,146.3125,221809,146.4062,146.5625,145.9688
04/16/2019,146.3438,229445,147.0312,147.125,146.25
04/15/2019,147.0625,162003,146.8125,147.1562,146.6875
04/12/2019,146.9062,267936,147.875,148.0625,146.8125
04/11/2019,147.7188,225764,148.375,148.4062,147.625
04/10/2019,148.2188,224830,147.875,148.5312,147.7188
04/09/2019,148,219014,147.5938,148.2812,147.5
04/08/2019,147.625,147701,148.0625,148.2188,147.5312
04/05/2019,147.9375,238423,147.5938,148.0938,147.0312
04/04/2019,147.6875,189558,147.4062,147.8125,147.3438
04/03/2019,147.5,255138,148.4062,148.5,147.3125
04/02/2019,148.3125,224703,148.2812,148.7188,148.0938
04/01/2019,148.2188,318463,149.6562,149.6562,147.9688
03/29/2019,149.6562,351323,149.8125,150.0312,149.2812
03/28/2019,150.0312,315089,150.125,150.6562,149.7188
03/27/2019,150.0625,456771,148.9375,150.1562,148.7812
03/26/2019,149.0938,329968,149.1562,149.2812,148.375
03/25/2019,149,411110,148.6562,149.7188,148.1875
03/22/2019,148.5312,510895,147.0938,149.125,147.0625
03/21/2019,147.125,293421,147.0312,147.4688,146.875
03/20/2019,146.9688,313215,145.7812,147.1562,145.7188
03/19/2019,145.7812,254784,146.0625,146.3438,145.375
03/18/2019,146.125,171826,146.25,146.2812,145.8438
03/15/2019,146.1875,278667,145.5312,146.4375,145.4375
03/14/2019,145.5,263672,145.9375,146.0625,145.3125
03/13/2019,146.125,265750,146.375,146.4062,145.875
03/12/2019,146.4062,308995,145.625,146.5312,145.0938
03/11/2019,145.625,178977,145.9062,146,145.3438
03/08/2019,145.9688,264555,145.7812,146.1875,145.4375
03/07/2019,145.7812,289511,144.8125,145.8438,144.7812
03/06/2019,144.875,294932,144.4688,145.125,144.4062
03/05/2019,144.4062,238652,144.3438,144.5312,143.875
03/04/2019,144.4062,277401,143.6875,144.4688,143.5
03/01/2019,143.8125,301554,144.5,144.5625,143.5625
02/28/2019,144.4688,504826,144.9375,145.375,144.1875
02/27/2019,144.9062,358970,146.1875,146.2812,144.75
02/26/2019,146.8125,680672,146.2812,146.875,146.125
02/25/2019,146.125,619945,146.3438,146.4688,145.875
02/22/2019,146.4062,501391,145.6875,146.7812,145.6562
02/21/2019,145.7812,449658,146.7188,146.7812,145.5312
02/20/2019,146.5938,280416,147,147.1562,146.3438
02/19/2019,146.8438,299062,146.5,147.1562,146.375
02/15/2019,146.5625,20015,146.5625,146.625,146.375
02/14/2019,146.5,306878,145.8125,146.875,145.6562
02/13/2019,145.75,211297,145.9062,146.0625,145.5
02/12/2019,145.9688,208530,146.5312,146.5625,145.8125
02/11/2019,146.375,192113,146.7812,146.9375,146.2188
02/08/2019,146.875,228767,146.375,146.9688,146.3438
02/07/2019,146.5,296313,145.7188,146.5625,145.7188
02/06/2019,145.6562,217767,145.75,146.2812,145.5312
02/05/2019,145.6875,207017,145.2812,146,144.9062
02/04/2019,145.25,215423,146.0625,146.0938,145
02/01/2019,145.9375,306369,146.8125,146.9688,145.8438
01/31/2019,146.6875,398251,145.9375,147.0312,145.9062
01/30/2019,145.6875,277838,145.5938,146.0312,145.1875
01/29/2019,145.6562,208794,145.0625,145.7188,144.9688
01/28/2019,145.0938,227588,145,145.4688,144.875
01/25/2019,145.0938,228926,145.6875,145.8438,144.9062
01/24/2019,145.7812,284984,145.125,145.9375,144.9688
01/23/2019,144.9688,268405,145.25,145.3125,144.4375
01/22/2019,145.4062,322140,144.625,145.5312,144.4062
01/18/2019,144.5312,8431,144.5312,144.6875,144.4062
01/17/2019,145.0312,276737,145.3438,145.75,144.8438
01/16/2019,145.1875,291087,145.375,145.5312,144.75
01/15/2019,145.4062,308130,145.5625,145.9062,145.1562
01/14/2019,145.4062,229448,145.75,146.3438,145.3438
01/11/2019,145.75,217720,145.0312,146.0938,145
01/10/2019,145.2812,356844,145.8438,146.3125,144.9375
01/09/2019,145.5625,289939,145.7188,145.9062,145.3438
01/08/2019,146.0312,239632,146.25,146.4375,145.625
01/07/2019,146.5,304119,146.7188,147.5312,146.125
01/04/2019,146.875,396750,148.5,148.8438,146.5938
01/03/2019,148.6562,465870,147.5625,148.7812,146.9062
01/02/2019,146.75,332095,145.7188,147.4375,145.5938
12/31/2018,146,221026,145.6562,146.2812,145.2188
12/28/2018,145.5312,254410,145.0625,145.875,144.8125
12/27/2018,145.5312,273665,144.5,145.875,144.4688
12/26/2018,144.75,186552,145.75,146.0938,144.4062
12/24/2018,145.4375,114279,144.7812,145.7812,144.5312
12/21/2018,144.8125,285575,144.4062,145.1875,144.3438
12/20/2018,144.8125,521824,145.5312,146,144.2812
12/19/2018,145.0312,411689,144.0938,145.7188,143.9062
12/18/2018,143.875,309596,143.2812,144.0938,143.1875
12/17/2018,143.2188,261072,142.7188,143.4062,142.625
12/14/2018,142.7188,267550,142.375,143.1562,142.3438
12/13/2018,142.4375,324693,142.6875,143.0312,142.3125
12/12/2018,142.7188,317370,143.25,143.3438,142.5312
12/11/2018,143.2188,389518,143.4062,143.8438,142.9375
12/10/2018,143.5,437029,143.625,143.9688,143.1875
12/07/2018,143.3438,477346,142.7812,143.4375,142.375
12/06/2018,143.1875,677175,142.1875,143.8125,142.125
12/04/2018,142.1562,578873,140.9375,143,140.8438
12/03/2018,140.5312,341203,139.6875,141.0312,139.4375
11/30/2018,139.9062,346083,139.5938,140.3438,139.5312
11/29/2018,139.5,348805,139.0625,140.125,138.9688
11/28/2018,139.9375,497946,139.9062,140.0625,139.5
11/27/2018,139.9062,693384,139.9688,140.1562,139.6562
11/26/2018,139.7812,657097,140.125,140.1562,139.625
11/23/2018,140,208611,139.8438,140.5312,139.6875
11/21/2018,139.9062,29605,139.8125,140.0312,139.6875
11/20/2018,140.0312,465859,139.625,140.2812,139.5938
11/19/2018,139.7812,332450,139.7812,139.9375,139
11/16/2018,139.5625,394863,138.7812,139.75,138.6875
11/15/2018,138.7812,450567,138.7188,139.4375,138.5625
11/14/2018,138.875,458305,138.625,139.3125,138.0938
11/13/2018,138.5938,368794,138.5,138.7188,138.0938
11/12/2018,138.4688,103042,138,138.6562,137.8125
11/09/2018,137.9062,308856,137,138.0938,137
11/08/2018,137.1875,265597,137,137.625,136.9688
11/07/2018,137.375,524981,137.125,138.0938,136.75
11/06/2018,137.4375,244678,137.5312,137.7188,137.125
11/05/2018,137.5625,284505,137.1562,137.7812,137.125
11/02/2018,137.1562,483561,138.7188,138.75,137.0312
11/01/2018,138.4375,368043,138.2812,138.6562,137.75
10/31/2018,138.125,386889,138.6562,138.75,138.0312
10/30/2018,138.9062,432347,139.2812,139.375,138.625
10/29/2018,139.3438,436112,139.4375,139.875,138.7812
10/26/2018,139.4375,544794,138.875,139.7812,138.875
10/25/2018,138.7188,340623,139.0625,139.2188,138.4062
10/24/2018,138.7812,450014,138.125,139.2188,138.0938
10/23/2018,138.1875,552792,137.6875,139.2188,137.6875
10/22/2018,137.8125,293195,137.8438,138.2188,137.625
10/19/2018,137.7188,367787,138,138.2188,137.5312
10/18/2018,138.125,445229,137.6562,138.4062,137.4688
10/17/2018,138.1562,317840,138.375,138.8125,137.625
10/16/2018,138.5,299088,138.4062,138.5938,138
10/15/2018,138.2812,286327,138.3438,138.6875,138.2188
10/12/2018,138.7188,462654,138.4688,138.875,137.9375
10/11/2018,138.8438,771679,138.1875,138.9688,137.7188
10/10/2018,137.25,540247,137.6875,138.25,136.9062
10/09/2018,137.7188,450235,136.9375,137.8125,136.5
10/08/2018,137.0312,106686,137.1562,137.4375,136.6562
10/05/2018,137.2812,548639,137.9375,138.0625,136.8125
10/04/2018,137.9062,682803,138.1875,138.2812,137.25
10/03/2018,138.5,645515,140.25,140.5,138.0938
10/02/2018,140.5,387751,139.8438,140.7188,139.8438
10/01/2018,139.9688,314364,140.2812,140.3438,139.7188
09/28/2018,140.5,414855,140.5938,141.125,140.3125
09/27/2018,140.6562,295274,140.6875,141.0938,140.25
09/26/2018,140.5312,306897,139.875,140.75,139.8438
09/25/2018,139.7812,270720,139.9375,140.0312,139.5312
09/24/2018,140.25,246910,140.4375,140.5,139.9375
09/21/2018,140.3438,216590,140.5,140.6875,140.0938
09/20/2018,140.25,332901,140.4375,140.5938,139.75
09/19/2018,139.9062,411171,140.5312,140.7188,139.7188
09/18/2018,140.625,357848,141.8125,141.9688,140.4688
09/17/2018,141.625,212945,141.7188,141.9062,141.2188
09/14/2018,141.75,304170,142.1875,142.2812,141.5312
09/13/2018,142.375,307510,142.3125,142.6875,141.9688
09/12/2018,142.2812,249354,142.0625,142.4062,142.0312
09/11/2018,141.9688,270499,142.8125,142.8438,141.875
09/10/2018,142.7188,175255,142.4688,142.8438,142.4062
09/07/2018,142.5625,372951,143.6875,143.7812,142.4062
09/06/2018,143.625,276269,143.125,143.7188,142.9062
09/05/2018,143.125,279478,143.2812,143.5625,142.875
09/04/2018,143.125,374831,143.9688,144.1875,143.0625
08/31/2018,144.2188,25899,144.0625,144.1875,143.875
08/30/2018,144.2188,288517,143.7812,144.3125,143.7188
08/29/2018,144.5938,387771,144.5,144.75,144.25
08/28/2018,144.4375,534705,145.125,145.1562,144.3125
08/27/2018,145.125,426647,145.875,145.9062,145.0625
08/24/2018,145.5938,419531,145.4688,145.9062,145.0938
08/23/2018,145.6562,287940,145.4688,145.75,145.375
08/22/2018,145.4688,302681,145.3438,145.75,145.1875
08/21/2018,145.125,265093,145.4688,145.5312,144.8438
08/20/2018,145.4688,228153,144.6875,145.5625,144.5938
08/17/2018,144.5312,225441,144.625,145.0938,144.4688
08/16/2018,144.5312,214066,144.5625,144.7188,144.1562
08/15/2018,144.75,306974,143.9062,145,143.875
08/14/2018,144.0312,240649,144.1875,144.4062,143.8438
08/13/2018,144.3125,362690,144.5625,144.7812,144.0312
08/10/2018,144.6562,371601,143.4375,144.6875,143.375
08/09/2018,143.2812,272596,142.7188,143.5312,142.5938
08/08/2018,142.625,199053,142.5938,142.9062,142.3438
08/07/2018,142.5938,187602,143.125,143.2812,142.4688
08/06/2018,143.25,211459,142.9688,143.5625,142.875
08/03/2018,142.9688,234531,142.4375,143.0625,142.2812
08/02/2018,142.4375,264972,142.1875,142.7812,142.0625
08/01/2018,142.2188,294352,143,143.2812,141.8438
07/31/2018,142.9688,443680,142.5938,143.5,142.5625
07/30/2018,142.625,228730,143,143,142.375
07/27/2018,142.9375,244986,142.6562,143.25,142.5
07/26/2018,142.6875,241456,142.7188,143.25,142.5625
07/25/2018,143.4062,326744,143.125,143.5938,142.625
07/24/2018,143.1875,291703,143,143.25,142.6562
07/23/2018,142.8125,339160,144.3125,144.375,142.7812
07/20/2018,144.1875,297145,145.4062,145.5,144.125
07/19/2018,145.2812,283128,144.8125,145.5625,144.375
07/18/2018,144.7188,183152,145.0625,145.3438,144.5625
07/17/2018,145.0312,160621,145.1875,145.375,144.875
07/16/2018,145.125,234028,145.7188,145.75,144.7188
07/13/2018,145.6875,163203,145.4062,145.7812,145.2188
07/12/2018,145.2812,205580,145.3438,145.4375,145
07/11/2018,145.4688,257347,145.3438,145.75,145.0938
07/10/2018,145,191584,145.1562,145.3125,144.9375
07/09/2018,145.125,160004,145.8438,145.875,145.0938
07/06/2018,145.6562,195739,145.625,146.3438,145.375
07/05/2018,145.5,225057,145.25,145.7812,144.8438
07/03/2018,145.3438,20753,145.4062,145.4375,145.1562
07/02/2018,144.75,183666,144.8438,145.4062,144.6562
06/29/2018,145,321052,145.1875,145.5,144.6875
06/28/2018,144.9688,226369,145.25,145.3438,144.9062
06/27/2018,145.2812,336935,144.25,145.3438,144.1562
06/26/2018,144.25,221301,144.2812,144.5312,143.9375
06/25/2018,144.3438,231607,144,144.5625,143.9688
06/22/2018,143.9688,178186,143.9062,144.0938,143.4062
06/21/2018,143.9688,282267,143.1875,144.125,143.0312
06/20/2018,143.5,242665,144.0312,144.3438,143.1875
06/19/2018,144.0938,263373,143.7812,144.7812,143.7188
06/18/2018,143.5625,18373,143.7812,144.375,143.7188
06/15/2018,143.6562,291633,143.4062,144.3125,143.375
06/14/2018,143.2812,317398,142.8438,143.625,142.7812
06/13/2018,142.5938,287230,142.8438,143.125,142.0625
06/12/2018,142.9062,271984,142.8438,143,142.375
06/11/2018,142.8125,218163,143.125,143.1875,142.5625
06/08/2018,143.1875,294470,143.5,143.9688,142.9688
06/07/2018,143.2812,409484,142.5312,144.1875,142.0312
06/06/2018,142.4062,293841,143.2188,143.3438,142.25
06/05/2018,143.4688,282387,143.1562,143.875,143.125
06/04/2018,143.25,256251,143.8438,143.9688,143.0312
06/01/2018,143.9375,363399,144.5312,144.5938,143.4375
05/31/2018,145.125,513389,144.3438,145.1875,143.9375
05/30/2018,144.5938,381350,145.625,145.875,143.6875
05/29/2018,145.4062,589893,143.625,145.6562,142.4375
05/25/2018,142.8438,78842,143.7188,144.5625,143.2812
05/24/2018,142.7812,609091,142.4062,143.1875,142.0312
05/23/2018,142.2188,519358,141.3125,142.5312,141.25
05/22/2018,141.25,266210,141.3438,141.5625,141.0312
05/21/2018,141.2812,264432,141.0312,141.5,140.7812
05/18/2018,141.1875,296457,140.4375,141.375,140.1562
05/17/2018,140.4375,325308,140.9375,141.0312,140.2812
05/16/2018,140.9375,302331,141.2812,141.5938,140.8125
05/15/2018,141.0625,421804,142.625,142.7188,140.8125
05/14/2018,142.75,197102,143.0938,143.3438,142.5625
05/11/2018,143.125,230586,143.3125,143.6562,142.9062
05/10/2018,143.1875,316276,142.5625,143.375,142.5312
05/09/2018,142.6562,235291,143.2188,143.2812,142.4688
05/08/2018,143.375,218552,143.4688,143.6875,142.9062
05/07/2018,143.5625,129420,143.4688,143.8438,143.3438
05/04/2018,143.6562,240323,143.5,144.25,143.1562
05/03/2018,143.5625,267967,143.0938,143.9375,142.9062
05/02/2018,143.25,271236,143.3125,143.5625,142.6875
05/01/2018,143.1562,218311,143.4062,143.625,142.9688
04/30/2018,143.8438,276290,143.1562,143.875,142.9375
04/27/2018,143.25,214715,142.5625,143.2812,142.5
04/26/2018,142.375,214824,141.7812,142.625,141.5938
04/25/2018,141.75,264798,142.2812,142.5,141.5312
04/24/2018,142.5312,271196,142.9375,143.2812,142.2812
04/23/2018,142.9688,221095,142.9688,143.0625,142.2812
04/20/2018,143.0938,233136,143.8438,143.9688,142.9062
04/19/2018,143.7812,353184,144.7812,144.9375,143.375
04/18/2018,144.9375,271506,145.5938,145.8438,144.6562
04/17/2018,146.0312,234598,145.4688,146.0625,145.2188
04/16/2018,145.4688,231559,145.375,145.5625,144.6562
04/13/2018,145.4062,214786,145.2812,145.7812,145.1875
04/12/2018,145.375,267718,146.3125,146.4375,145.0938
04/11/2018,146.125,294589,145.7188,146.875,145.5938
04/10/2018,145.9375,252369,146.0938,146.25,145.5312
04/09/2018,146.0625,217099,146,146.3125,145.4375
04/06/2018,146.0312,321373,144.875,146.125,144.8125
04/05/2018,144.9062,211060,145.4688,145.5,144.7812
04/04/2018,145.7188,291718,145.9375,146.5625,145.375
04/03/2018,145.875,283689,146.8438,146.875,145.6875
04/02/2018,146.75,189922,146.2812,147.0938,145.9688
03/29/2018,146.625,286666,145.6875,146.75,145.5938
03/28/2018,145.625,298870,145.7188,146.3125,145.4062
03/27/2018,145.625,270833,145.7188,146.3125,145.4062
03/26/2018,144.7188,233715,144.875,145.125,144.2188
03/23/2018,144.7188,283377,144.7812,145.4062,144.1875
03/22/2018,144.75,443092,143.7188,145.5,143.6875
03/21/2018,143.5,285459,143.5,144.1562,142.9375
03/20/2018,143.8438,217765,144.375,144.4375,143.4062
03/19/2018,144.5312,254312,144.4062,144.75,143.8438
03/16/2018,144.4375,203163,144.8438,145.3438,144.25
03/15/2018,144.8125,246674,144.8438,145.25,144.625
03/14/2018,144.875,289917,144.1562,145.125,144.0938
03/13/2018,144.125,321486,143.6562,144.4688,143.4062
03/12/2018,143.7188,213132,143.0625,143.8125,142.8438
03/09/2018,143.125,263351,143.6875,143.7188,142.75
03/08/2018,143.5312,271624,143.125,144,143
03/07/2018,143.0938,307824,143.3125,144,143
03/06/2018,143.375,288757,142.9688,143.6875,142.6875
03/05/2018,143.0938,244974,143.2812,144.1562,142.6562
03/02/2018,143.4375,334034,144.3125,144.625,143.1562
03/01/2018,144.3438,471562,143.5,144.5625,143.1875
02/28/2018,143.4375,361379,142.75,143.5625,142.5312
02/27/2018,143.5625,353418,144.125,144.5312,143.1875
02/26/2018,144.2188,578988,144.125,144.8438,143.9688
02/23/2018,144.0625,469160,143.0625,144.25,142.75
02/22/2018,143.125,512552,142.7188,143.5938,142.6562
02/21/2018,142.6875,360608,143.9062,144.1875,142.4375
02/20/2018,143.875,323574,144,144.4688,143.4375
02/16/2018,144.2188,3226,144.1875,144.4688,144.1562
02/15/2018,144,340799,143.5625,144.3438,143.125
02/14/2018,143.375,433219,144.7812,145.2812,143.2188
02/13/2018,144.5625,252330,144.25,144.9375,144.1875
02/12/2018,144.4062,407512,143.7188,145.1875,143.125
02/09/2018,144.1562,602895,144.1562,144.7812,143.5938
02/08/2018,144.0938,686575,144.6562,144.9688,143.625
02/07/2018,144.625,471471,145.5625,146.375,144.3438
02/06/2018,146.0312,655260,146.9062,147.7188,145.4688
02/05/2018,145.6875,700723,144.9375,147.5,144.0938
02/02/2018,144.7812,550664,146.1875,146.375,144.75
02/01/2018,146.5625,453464,148.0312,148.0625,146.0938
01/31/2018,147.8125,505384,147.4375,148.1875,147.0938
01/30/2018,147.375,380964,148.0625,148.3438,147.125
01/29/2018,148.125,306984,148.75,148.9062,147.5625
01/26/2018,148.75,274002,149.375,149.4688,148.4688
01/25/2018,149.4062,372967,148.6562,149.5,148.3438
01/24/2018,148.4688,354344,149.375,149.5,148.2188
01/23/2018,149.2188,280272,148.875,149.6875,148.7812
01/22/2018,148.6875,225425,148.9062,149.2812,148.375
01/19/2018,149,344749,149.1562,149.375,148.5312
01/18/2018,149.4375,360652,150.125,150.25,149.0938
01/17/2018,150.3125,294799,150.875,151.1875,150.0938
01/16/2018,150.8125,266091,150.4062,151.0312,150.3125
01/12/2018,150.5,2482,150.5,150.5938,150.4062
01/11/2018,150.4375,361618,149.9062,150.625,149.5312
01/10/2018,150.0625,416968,150.0312,150.1875,149.0938
01/09/2018,150.2188,363207,151.7812,151.8125,150.0312
01/08/2018,151.7188,142512,151.8438,152.2188,151.4688
01/05/2018,151.8125,246895,152.3125,152.6562,151.6562
01/04/2018,152.3125,220618,152.2188,152.4062,151.5938
01/03/2018,152.3125,196922,151.6875,152.4062,151.5312
01/02/2018,151.75,240012,152.8438,152.9062,151.375
12/29/2017,153,166824,152.7188,153.0938,152.3125
12/28/2017,152.7188,148281,152.9062,152.9062,152.4062
12/27/2017,152.9375,224965,151.375,153.125,151.375
12/26/2017,151.625,77670,150.9062,151.7812,150.75
12/22/2017,151,98151,151,151.2188,150.875
12/21/2017,151.1875,185263,150.5312,151.25,150.4688
12/20/2017,150.5625,288488,151.6562,151.875,150.4375
12/19/2017,151.5,315716,153.1875,153.4688,151.3438
12/18/2017,153.1875,179974,154.25,154.25,153.0625
12/15/2017,154.2812,221184,154.0625,154.4688,153.6875
12/14/2017,154.0938,280745,153.75,154.1875,153.125
12/13/2017,153.6875,302377,152.7812,153.8125,152.2812
12/12/2017,152.6562,265610,152.9688,153.1875,152.1562
12/11/2017,153.0312,157285,153,153.5938,152.875
12/08/2017,152.875,256710,153.1562,153.2812,152.5312
12/07/2017,152.875,266721,153.875,154.4375,152.8438
12/06/2017,154.0625,281740,153.75,154.5625,153.5312
12/05/2017,153.7188,256211,153.0938,153.8125,152.6562
12/04/2017,153.0312,268681,152.5,153.1875,152.0625
12/01/2017,153.25,589477,151.8125,154.1875,151.7188
11/30/2017,151.7188,422242,152,152.1875,151
11/29/2017,152.1875,349597,153.3125,153.625,151.75
11/28/2017,154.2812,469822,154.3125,154.8438,154.0625
11/27/2017,154.3438,581640,154.3125,154.75,153.9375
11/24/2017,154.25,159120,154.7188,154.75,153.9062
11/22/2017,154.5,5358,154.625,154.625,154.25
11/21/2017,154.0938,387245,153.8125,154.6875,153.75
11/20/2017,153.6562,236119,154.0312,154.4375,153.5938
11/17/2017,153.7812,239900,153.1562,154.1562,153.0938
11/16/2017,153.5625,255060,154.2812,154.2812,153.0938
11/15/2017,154,325324,153.0625,154.3125,153.0312
11/14/2017,152.875,253353,152.3438,153.125,152.1562
11/13/2017,152.4062,253610,152.1562,152.9375,152.0312
11/10/2017,152.3125,317396,153.6875,153.7812,152.0625
11/09/2017,153.875,354106,154.1562,154.4375,153.5625
11/08/2017,154.3438,206325,154.5312,154.8125,154.125
11/07/2017,154.6875,271718,154.2812,154.75,153.9062
11/06/2017,154.2188,188143,153.75,154.375,153.375
11/03/2017,153.6562,256068,153.5,154,153.3438
11/02/2017,153.4688,274250,152.9062,153.6875,152.6875
11/01/2017,152.75,311754,152.375,153.3125,151.9688
10/31/2017,152.4688,221523,152.2812,152.5938,152.0938
10/30/2017,152.375,228202,151.5,152.4375,151.3438
10/27/2017,151.1875,338786,150.5312,151.5625,150.3125
10/26/2017,150.7188,300367,151.1562,151.6875,150.4688
10/25/2017,150.9062,361785,151.5,151.625,150.4375
10/24/2017,151.6875,231882,152.4375,152.5312,151.2812
10/23/2017,152.3438,188607,152.0938,152.625,151.875
10/20/2017,152.1875,344080,153.4062,153.5625,151.7812
10/19/2017,153.5312,291496,152.9062,154.0625,152.9062
10/18/2017,153.0312,244765,154.0625,154.0938,152.7812
10/17/2017,154.0625,206322,153.75,154.0938,153.3125
10/16/2017,153.7188,196666,154.0938,154.125,153.5625
10/13/2017,154,287200,153.125,154.1562,152.9375
10/12/2017,153.0938,255739,152.4375,153.1875,152.3125
10/11/2017,152.5625,200040,152.1875,152.875,152.0625
10/10/2017,152.5,285258,152.2188,153.0625,151.875
10/09/2017,152.0938,48166,152.0625,152.3125,151.875
10/06/2017,151.9062,329040,152.2812,152.375,151.2188
10/05/2017,152.25,217419,152.75,152.9375,152.0312
10/04/2017,152.5625,222592,152.8125,153.25,152.1875
10/03/2017,152.625,227322,152.5625,152.875,152
10/02/2017,152.6875,254181,152.6875,153.125,152.0625
09/29/2017,152.8125,351044,152.75,153,152.375
09/28/2017,152.7812,332130,152.9062,153.125,152.0312
09/27/2017,152.9375,397988,154.6562,154.7812,152.75
09/26/2017,154.7812,223939,154.8438,155.0938,154.3438
09/25/2017,154.9062,268954,154.25,155.125,154.0625
09/22/2017,154.0938,222334,153.9375,154.5938,153.9062
09/21/2017,153.875,241363,153.9062,154.5312,153.6562
09/20/2017,153.75,263503,154.0625,154.4375,153.5
09/19/2017,154.125,211730,154.4688,154.7188,154
09/18/2017,154.3438,177058,154.875,155.0312,154.125
09/15/2017,155.0312,239396,155.3125,155.4688,154.75
09/14/2017,154.9688,273739,154.9062,155.3125,154.375
09/13/2017,154.8125,223368,155.25,155.5625,154.75
09/12/2017,155.25,210160,155.9688,156.0938,155.0625
09/11/2017,156,200466,156.7812,156.9062,155.7188
09/08/2017,157.2812,245003,157.7188,158.2812,157.0312
09/07/2017,157.375,280514,156.375,157.9375,156.3438
09/06/2017,156.3438,253670,157.1875,157.375,156.2188
09/05/2017,157,332423,155.5625,157.2188,155.1562
09/01/2017,155.1875,7423,155.5938,155.7188,155.3438
08/31/2017,156.0938,263453,155.8438,156.2188,155.4688
08/30/2017,155.6562,201985,155.8125,155.9688,155.4688
08/29/2017,156.9375,412289,157,158.125,156.8125
08/28/2017,156.75,365356,156.625,156.8125,156.1562
08/25/2017,156.5312,456060,156.0625,156.75,155.9062
08/24/2017,156.0938,377446,156.5625,156.5938,156
08/23/2017,156.5,242571,155.6562,156.5625,155.5
08/22/2017,155.5938,198048,156.1875,156.2188,155.5
08/21/2017,156.1562,174689,155.75,156.2812,155.5312
08/18/2017,155.8438,264891,155.875,156.375,155.5
08/17/2017,155.6875,270102,155.0625,156,154.5625
08/16/2017,155.0625,215009,154.2188,155.1875,153.8125
08/15/2017,154.4062,251418,155.1562,155.1875,153.75
08/14/2017,155.1562,181940,155.4062,155.5,154.8438
08/11/2017,155.4688,268398,155.5312,155.9062,154.7188
08/10/2017,155.3438,275464,154.625,155.5938,154.4062
08/09/2017,154.7188,246105,154.1875,155.25,154.1562
08/08/2017,153.7188,188397,154.4062,154.5,153.5312
